Product Name,Price,Product Link
"GRV Smart Watch for iOS and Android Phones (Answer/Make Calls), Watches for Women IP68 Waterproof Smartwatch Fitness Tracker Watch with Heart Rate/Sleep Monitor Steps Calories Counter (Pink)",no price ,https://www.amazon.com/sspa/click?ie=UTF8&spc=MTo3OTkwNjA3OTgwOTk0NTE6MTc2MzQ0NzQwMTpzcF9hdGY6MzAwODA2MzkyNjg4NjAyOjowOjo&url=%2FGRV-Android-Waterproof-Smartwatch-Calories%2Fdp%2FB09J8T6TTH%2Fref%3Dsr_1_1_sspa%3Fdib%3DeyJ2IjoiMSJ9.sBwWfV5goZA2GYlJ_OvqimWWwemViMJQ7ADRXTbs_QGyRWSFItgZZUb7OOamXdCSoF1TfofyzAIz-GYNcUl6HhNwoG4z-RHRH8ey9VbKtECConjosZsGWEtX49U7_t4dwo2k9NwsyI2186_awE_R6jJS9F21wDUdS4qEUbTotDHa-tdo6yHXehsyW_h8mxzvBJaPmLA0q1XkclxWGipYLIDUwVDQhWLG9bpRh3WoUf0.lCV5S5KPrbR-D_GT3UBRn5VfBroCdB2KpswjhWf8Qyw%26dib_tag%3Dse%26keywords%3Dsmartwatch%26qid%3D1763447401%26sr%3D8-1-spons%26sp_csd%3Dd2lkZ2V0TmFtZT1zcF9hdGY%26psc%3D1
"Smart Watch for Men Women(Answer/Make Calls), Smartwatch Built-in AI Voice, 1.27"" HD Fitness Tracker with Heart Rate/Sleep/Step/SpO2 Monitor, 100+ Sports Modes, IP68 Waterproof Watch for Android iOS",no price ,https://www.amazon.com/sspa/click?ie=UTF8&spc=MTo3OTkwNjA3OTgwOTk0NTE6MTc2MzQ0NzQwMTpzcF9hdGY6MzAwODgxODgwNDIwNzAyOjowOjo&url=%2FSmartwatch-Fitness-Tracker-Monitor-Waterproof%2Fdp%2FB0FC65WF74%2Fref%3Dsr_1_2_sspa%3Fdib%3DeyJ2IjoiMSJ9.sBwWfV5goZA2GYlJ_OvqimWWwemViMJQ7ADRXTbs_QGyRWSFItgZZUb7OOamXdCSoF1TfofyzAIz-GYNcUl6HhNwoG4z-RHRH8ey9VbKtECConjosZsGWEtX49U7_t4dwo2k9NwsyI2186_awE_R6jJS9F21wDUdS4qEUbTotDHa-tdo6yHXehsyW_h8mxzvBJaPmLA0q1XkclxWGipYLIDUwVDQhWLG9bpRh3WoUf0.lCV5S5KPrbR-D_GT3UBRn5VfBroCdB2KpswjhWf8Qyw%26dib_tag%3Dse%26keywords%3Dsmartwatch%26qid%3D1763447401%26sr%3D8-2-spons%26sp_csd%3Dd2lkZ2V0TmFtZT1zcF9hdGY%26psc%3D1
"Smart Watches for Women Men, 1.83"" HD Smartwatch with 120 Sports Modes, IP67 Waterproof, Bluetooth Call, Music Control, Heart Rate and Sleep Monitor (Black)",no price ,https://www.amazon.com/TRAUSI-Watches-Smartwatch-Waterproof-Bluetooth/dp/B0FZWKCWQZ/ref=sr_1_3?dib=eyJ2IjoiMSJ9.sBwWfV5goZA2GYlJ_OvqimWWwemViMJQ7ADRXTbs_QGyRWSFItgZZUb7OOamXdCSoF1TfofyzAIz-GYNcUl6HhNwoG4z-RHRH8ey9VbKtECConjosZsGWEtX49U7_t4dwo2k9NwsyI2186_awE_R6jJS9F21wDUdS4qEUbTotDHa-tdo6yHXehsyW_h8mxzvBJaPmLA0q1XkclxWGipYLIDUwVDQhWLG9bpRh3WoUf0.lCV5S5KPrbR-D_GT3UBRn5VfBroCdB2KpswjhWf8Qyw&dib_tag=se&keywords=smartwatch&qid=1763447401&sr=8-3
"Smart Watch for Men Women(Answer/Make Calls), 1.96"" HD Smartwatch, Fitness Tracker with 110+ Sport Modes, IP68 Waterproof, Heart Rate/Sleep/Step Monitor, Pedometer, Activity Tracker for Android iOS",no price ,https://www.amazon.com/Smartwatch-Fitness-Waterproof-Pedometer-Activity/dp/B0FVM7X3WD/ref=sr_1_4?dib=eyJ2IjoiMSJ9.sBwWfV5goZA2GYlJ_OvqimWWwemViMJQ7ADRXTbs_QGyRWSFItgZZUb7OOamXdCSoF1TfofyzAIz-GYNcUl6HhNwoG4z-RHRH8ey9VbKtECConjosZsGWEtX49U7_t4dwo2k9NwsyI2186_awE_R6jJS9F21wDUdS4qEUbTotDHa-tdo6yHXehsyW_h8mxzvBJaPmLA0q1XkclxWGipYLIDUwVDQhWLG9bpRh3WoUf0.lCV5S5KPrbR-D_GT3UBRn5VfBroCdB2KpswjhWf8Qyw&dib_tag=se&keywords=smartwatch&qid=1763447401&sr=8-4
"Smart Watch Compatible with Android & iPhone, Fitness Tracker for Women (A-Black)",no price ,https://www.amazon.com/Infrenxien-Compatible-Android-Fitness-Tracker/dp/B0FGWKDJF4/ref=sr_1_5?dib=eyJ2IjoiMSJ9.sBwWfV5goZA2GYlJ_OvqimWWwemViMJQ7ADRXTbs_QGyRWSFItgZZUb7OOamXdCSoF1TfofyzAIz-GYNcUl6HhNwoG4z-RHRH8ey9VbKtECConjosZsGWEtX49U7_t4dwo2k9NwsyI2186_awE_R6jJS9F21wDUdS4qEUbTotDHa-tdo6yHXehsyW_h8mxzvBJaPmLA0q1XkclxWGipYLIDUwVDQhWLG9bpRh3WoUf0.lCV5S5KPrbR-D_GT3UBRn5VfBroCdB2KpswjhWf8Qyw&dib_tag=se&keywords=smartwatch&qid=1763447401&sr=8-5
"Smart Watch for Men Women, 1.85"" HD Fitness Tracker (Answer/Make Call), 1000 mAh Battery, 120+ Sport Modes, 24/7 Heart Rate/Sleep Monitor Fitness Watch, IP68 Waterproof, Smartwatch for Android/iPhone",no price ,https://www.amazon.com/Fitness-Tracker-Battery-Waterproof-Smartwatch/dp/B0FGJJ6QBN/ref=sr_1_6?dib=eyJ2IjoiMSJ9.sBwWfV5goZA2GYlJ_OvqimWWwemViMJQ7ADRXTbs_QGyRWSFItgZZUb7OOamXdCSoF1TfofyzAIz-GYNcUl6HhNwoG4z-RHRH8ey9VbKtECConjosZsGWEtX49U7_t4dwo2k9NwsyI2186_awE_R6jJS9F21wDUdS4qEUbTotDHa-tdo6yHXehsyW_h8mxzvBJaPmLA0q1XkclxWGipYLIDUwVDQhWLG9bpRh3WoUf0.lCV5S5KPrbR-D_GT3UBRn5VfBroCdB2KpswjhWf8Qyw&dib_tag=se&keywords=smartwatch&qid=1763447401&sr=8-6
"Smart Watch for Men, Alexa Built-in 1.85"" HD Touchscreen Fitness Tracker with Bluetooth Call, 24/7 Heart Rate/Sleep/SpO2 Monitor, 100+ Sport Modes,2ATM Waterproof Smartwatch for Android iPhone(Black)",no price ,https://www.amazon.com/sspa/click?ie=UTF8&spc=MTo3OTkwNjA3OTgwOTk0NTE6MTc2MzQ0NzQwMTpzcF9tdGY6MzAxMDQ5MjcyNzE1ODAyOjowOjo&url=%2FTouchscreen-Fitness-Bluetooth-Waterproof-Smartwatch%2Fdp%2FB0FWCR8CFF%2Fref%3Dsr_1_7_sspa%3Fdib%3DeyJ2IjoiMSJ9.sBwWfV5goZA2GYlJ_OvqimWWwemViMJQ7ADRXTbs_QGyRWSFItgZZUb7OOamXdCSoF1TfofyzAIz-GYNcUl6HhNwoG4z-RHRH8ey9VbKtECConjosZsGWEtX49U7_t4dwo2k9NwsyI2186_awE_R6jJS9F21wDUdS4qEUbTotDHa-tdo6yHXehsyW_h8mxzvBJaPmLA0q1XkclxWGipYLIDUwVDQhWLG9bpRh3WoUf0.lCV5S5KPrbR-D_GT3UBRn5VfBroCdB2KpswjhWf8Qyw%26dib_tag%3Dse%26keywords%3Dsmartwatch%26qid%3D1763447401%26sr%3D8-7-spons%26sp_csd%3Dd2lkZ2V0TmFtZT1zcF9tdGY%26psc%3D1
"Garmin Forerunner 265 Running Smartwatch, Colorful AMOLED Display, Training Metrics and Recovery Insights, Black and Powder Gray","26,580",https://www.amazon.com/Garmin-Forerunner-Smartwatch-Colorful-Training/dp/B0BS1T9J4Y/ref=sr_1_8?dib=eyJ2IjoiMSJ9.sBwWfV5goZA2GYlJ_OvqimWWwemViMJQ7ADRXTbs_QGyRWSFItgZZUb7OOamXdCSoF1TfofyzAIz-GYNcUl6HhNwoG4z-RHRH8ey9VbKtECConjosZsGWEtX49U7_t4dwo2k9NwsyI2186_awE_R6jJS9F21wDUdS4qEUbTotDHa-tdo6yHXehsyW_h8mxzvBJaPmLA0q1XkclxWGipYLIDUwVDQhWLG9bpRh3WoUf0.lCV5S5KPrbR-D_GT3UBRn5VfBroCdB2KpswjhWf8Qyw&dib_tag=se&keywords=smartwatch&qid=1763447401&sr=8-8
"Smart Watches for Women Men, 120 Sports Modes Smartwatch with 1.83 inches HD Display, Heart Rate/Sleep Monitor, IP67 Waterproof, Bluetooth Call & Music Control for iPhone/Android Black",no price ,https://www.amazon.com/DIVOAZBVO-Watches-Smartwatch-Waterproof-Bluetooth/dp/B0FV8FZ43R/ref=sr_1_9?dib=eyJ2IjoiMSJ9.sBwWfV5goZA2GYlJ_OvqimWWwemViMJQ7ADRXTbs_QGyRWSFItgZZUb7OOamXdCSoF1TfofyzAIz-GYNcUl6HhNwoG4z-RHRH8ey9VbKtECConjosZsGWEtX49U7_t4dwo2k9NwsyI2186_awE_R6jJS9F21wDUdS4qEUbTotDHa-tdo6yHXehsyW_h8mxzvBJaPmLA0q1XkclxWGipYLIDUwVDQhWLG9bpRh3WoUf0.lCV5S5KPrbR-D_GT3UBRn5VfBroCdB2KpswjhWf8Qyw&dib_tag=se&keywords=smartwatch&qid=1763447401&sr=8-9
"Smart Watch for Men Women, 1.43"" HD Screen Health Smartwatch with Call Function, Multisport Mode, Fitness Tracker with 24/7 Heart Rate/Sleep Monitor, IP68 Waterproof, Fitness Watch for Android/iOS",no price ,https://www.amazon.com/Smartwatch-Function-Multisport-Fitness-Waterproof/dp/B0FSZXNLV1/ref=sr_1_10?dib=eyJ2IjoiMSJ9.sBwWfV5goZA2GYlJ_OvqimWWwemViMJQ7ADRXTbs_QGyRWSFItgZZUb7OOamXdCSoF1TfofyzAIz-GYNcUl6HhNwoG4z-RHRH8ey9VbKtECConjosZsGWEtX49U7_t4dwo2k9NwsyI2186_awE_R6jJS9F21wDUdS4qEUbTotDHa-tdo6yHXehsyW_h8mxzvBJaPmLA0q1XkclxWGipYLIDUwVDQhWLG9bpRh3WoUf0.lCV5S5KPrbR-D_GT3UBRn5VfBroCdB2KpswjhWf8Qyw&dib_tag=se&keywords=smartwatch&qid=1763447401&sr=8-10
"SAMSUNG Galaxy Watch 7 40mm Bluetooth AI Smartwatch w/Energy Score, Wellness Tips, Heart Rate Tracking, Sleep Monitor, Fitness Tracker, 2024, Cream [US Version, 1Yr Manufacturer Warranty]","13,290",https://www.amazon.com/SAMSUNG-Bluetooth-Smartwatch-Wellness-Manufacturer/dp/B0D1YNVD88/ref=sr_1_11?dib=eyJ2IjoiMSJ9.sBwWfV5goZA2GYlJ_OvqimWWwemViMJQ7ADRXTbs_QGyRWSFItgZZUb7OOamXdCSoF1TfofyzAIz-GYNcUl6HhNwoG4z-RHRH8ey9VbKtECConjosZsGWEtX49U7_t4dwo2k9NwsyI2186_awE_R6jJS9F21wDUdS4qEUbTotDHa-tdo6yHXehsyW_h8mxzvBJaPmLA0q1XkclxWGipYLIDUwVDQhWLG9bpRh3WoUf0.lCV5S5KPrbR-D_GT3UBRn5VfBroCdB2KpswjhWf8Qyw&dib_tag=se&keywords=smartwatch&qid=1763447401&sr=8-11
"Iaret Smart Watch for Women (Answer/Make Call), Fitness Tracker for Android and iOS Phones Waterproof Smartwatch with 1.32"" HD Full Touch Screen AI Voice Control Heart Rate Sleep Monitor Pedometer",no price ,https://www.amazon.com/sspa/click?ie=UTF8&spc=MTo3OTkwNjA3OTgwOTk0NTE6MTc2MzQ0NzQwMTpzcF9tdGY6MjAwMDg4MDcwNzY0Mjk4OjowOjo&url=%2FIaret-Fitness-Waterproof-Smartwatch-Pedometer%2Fdp%2FB0B85GYPD5%2Fref%3Dsr_1_12_sspa%3Fdib%3DeyJ2IjoiMSJ9.sBwWfV5goZA2GYlJ_OvqimWWwemViMJQ7ADRXTbs_QGyRWSFItgZZUb7OOamXdCSoF1TfofyzAIz-GYNcUl6HhNwoG4z-RHRH8ey9VbKtECConjosZsGWEtX49U7_t4dwo2k9NwsyI2186_awE_R6jJS9F21wDUdS4qEUbTotDHa-tdo6yHXehsyW_h8mxzvBJaPmLA0q1XkclxWGipYLIDUwVDQhWLG9bpRh3WoUf0.lCV5S5KPrbR-D_GT3UBRn5VfBroCdB2KpswjhWf8Qyw%26dib_tag%3Dse%26keywords%3Dsmartwatch%26qid%3D1763447401%26sr%3D8-12-spons%26sp_csd%3Dd2lkZ2V0TmFtZT1zcF9tdGY%26psc%3D1
"2025 Smart Watch for Men Women (Answer/Make Call), 1.96"" HD Fitness Tracker Running Watch,IP68 Waterproof,Pedometer, Sleep/Step/Activity/Heart Rate Monitor,110+ Sport Mode Smartwatch for Android Phone",no price ,https://www.amazon.com/Fitness-Waterproof-Pedometer-Activity-Smartwatch/dp/B0FDB4529V/ref=sr_1_13?dib=eyJ2IjoiMSJ9.sBwWfV5goZA2GYlJ_OvqimWWwemViMJQ7ADRXTbs_QGyRWSFItgZZUb7OOamXdCSoF1TfofyzAIz-GYNcUl6HhNwoG4z-RHRH8ey9VbKtECConjosZsGWEtX49U7_t4dwo2k9NwsyI2186_awE_R6jJS9F21wDUdS4qEUbTotDHa-tdo6yHXehsyW_h8mxzvBJaPmLA0q1XkclxWGipYLIDUwVDQhWLG9bpRh3WoUf0.lCV5S5KPrbR-D_GT3UBRn5VfBroCdB2KpswjhWf8Qyw&dib_tag=se&keywords=smartwatch&qid=1763447401&sr=8-13
"Garmin Forerunner 165, Running Smartwatch, Colorful AMOLED Display, Training Metrics and Recovery Insights, Black","17,720",https://www.amazon.com/Garmin-Forerunner-Smartwatch-Colorful-Training/dp/B0CT3SGHXL/ref=sr_1_14?dib=eyJ2IjoiMSJ9.sBwWfV5goZA2GYlJ_OvqimWWwemViMJQ7ADRXTbs_QGyRWSFItgZZUb7OOamXdCSoF1TfofyzAIz-GYNcUl6HhNwoG4z-RHRH8ey9VbKtECConjosZsGWEtX49U7_t4dwo2k9NwsyI2186_awE_R6jJS9F21wDUdS4qEUbTotDHa-tdo6yHXehsyW_h8mxzvBJaPmLA0q1XkclxWGipYLIDUwVDQhWLG9bpRh3WoUf0.lCV5S5KPrbR-D_GT3UBRn5VfBroCdB2KpswjhWf8Qyw&dib_tag=se&keywords=smartwatch&qid=1763447401&sr=8-14
"Smart Watch for Men Women, 1.85"" HD Fitness Tracker with Bluetooth Calls, 120+ Sport Modes Fitness Watch, Fitness Tracker 24/7 Heart Rate/Sleep Monitor, IP68 Waterproof, Smartwatch for Android/iPhone",no price ,https://www.amazon.com/Fitness-Tracker-Bluetooth-Waterproof-Smartwatch/dp/B0FN7PLQ1H/ref=sr_1_15?dib=eyJ2IjoiMSJ9.sBwWfV5goZA2GYlJ_OvqimWWwemViMJQ7ADRXTbs_QGyRWSFItgZZUb7OOamXdCSoF1TfofyzAIz-GYNcUl6HhNwoG4z-RHRH8ey9VbKtECConjosZsGWEtX49U7_t4dwo2k9NwsyI2186_awE_R6jJS9F21wDUdS4qEUbTotDHa-tdo6yHXehsyW_h8mxzvBJaPmLA0q1XkclxWGipYLIDUwVDQhWLG9bpRh3WoUf0.lCV5S5KPrbR-D_GT3UBRn5VfBroCdB2KpswjhWf8Qyw&dib_tag=se&keywords=smartwatch&qid=1763447401&sr=8-15
"Smart Watch with Alexa Built-in, 1.83"" HD Touchscreen Fitness Tracker, Bluetooth Notifications/Calls, IP68 Waterproof, 120+ Sport Modes, 24/7 Heart Rate & Sleep Monitor for iPhone Android iOS (Black)",no price ,https://www.amazon.com/Touchscreen-Fitness-Bluetooth-Notifications-Waterproof/dp/B0FX2SXGKM/ref=sr_1_16?dib=eyJ2IjoiMSJ9.sBwWfV5goZA2GYlJ_OvqimWWwemViMJQ7ADRXTbs_QGyRWSFItgZZUb7OOamXdCSoF1TfofyzAIz-GYNcUl6HhNwoG4z-RHRH8ey9VbKtECConjosZsGWEtX49U7_t4dwo2k9NwsyI2186_awE_R6jJS9F21wDUdS4qEUbTotDHa-tdo6yHXehsyW_h8mxzvBJaPmLA0q1XkclxWGipYLIDUwVDQhWLG9bpRh3WoUf0.lCV5S5KPrbR-D_GT3UBRn5VfBroCdB2KpswjhWf8Qyw&dib_tag=se&keywords=smartwatch&qid=1763447401&sr=8-16
"Health Fitness Tracker, Smart Watch with 24/7 Heart Rate, Activity Tracker with Blood Pressure and Blood Oxygen Monitor, 120 Sport Mode Waterproof Sleep Tracker for Women Men (Silver)",no price ,https://www.amazon.com/sspa/click?ie=UTF8&spc=MTo3OTkwNjA3OTgwOTk0NTE6MTc2MzQ0NzQwMTpzcF9tdGY6MzAxMDM3MzEyNzgxNzAyOjowOjo&url=%2FJYUAJOI-Fitness-Activity-Pressure-Waterproof%2Fdp%2FB0FRSLCX4Q%2Fref%3Dsr_1_17_sspa%3Fdib%3DeyJ2IjoiMSJ9.sBwWfV5goZA2GYlJ_OvqimWWwemViMJQ7ADRXTbs_QGyRWSFItgZZUb7OOamXdCSoF1TfofyzAIz-GYNcUl6HhNwoG4z-RHRH8ey9VbKtECConjosZsGWEtX49U7_t4dwo2k9NwsyI2186_awE_R6jJS9F21wDUdS4qEUbTotDHa-tdo6yHXehsyW_h8mxzvBJaPmLA0q1XkclxWGipYLIDUwVDQhWLG9bpRh3WoUf0.lCV5S5KPrbR-D_GT3UBRn5VfBroCdB2KpswjhWf8Qyw%26dib_tag%3Dse%26keywords%3Dsmartwatch%26qid%3D1763447401%26sr%3D8-17-spons%26sp_csd%3Dd2lkZ2V0TmFtZT1zcF9tdGY%26psc%3D1
"Smart Watch for Men Women, 1.83"" HD Touchsreen, Bluetooth Calling, 5 ATM Water-Resistance, 130+ Sports Modes, Health, Fitness & Sleep Tracker, Timer, Fitness Watch for Android/iOS, Black",no price ,https://www.amazon.com/Jacoosa-Touchsreen-Bluetooth-Calling-Water-Resistance/dp/B0FGCST8WS/ref=sr_1_18?dib=eyJ2IjoiMSJ9.sBwWfV5goZA2GYlJ_OvqimWWwemViMJQ7ADRXTbs_QGyRWSFItgZZUb7OOamXdCSoF1TfofyzAIz-GYNcUl6HhNwoG4z-RHRH8ey9VbKtECConjosZsGWEtX49U7_t4dwo2k9NwsyI2186_awE_R6jJS9F21wDUdS4qEUbTotDHa-tdo6yHXehsyW_h8mxzvBJaPmLA0q1XkclxWGipYLIDUwVDQhWLG9bpRh3WoUf0.lCV5S5KPrbR-D_GT3UBRn5VfBroCdB2KpswjhWf8Qyw&dib_tag=se&keywords=smartwatch&qid=1763447401&sr=8-18
"Amazfit Bip 6 Smart Watch 46mm, 14 Day Battery, 1.97"" AMOLED Display, GPS & Free Maps, AI, Bluetooth Call & Text, Health, Fitness & Sleep Tracker, 140+ Workout Modes, 5 ATM Water-Resistance, Black","7,087",https://www.amazon.com/Amazfit-Battery-Display-Bluetooth-Water-Resistance/dp/B0DYJKTHYF/ref=sr_1_19?dib=eyJ2IjoiMSJ9.sBwWfV5goZA2GYlJ_OvqimWWwemViMJQ7ADRXTbs_QGyRWSFItgZZUb7OOamXdCSoF1TfofyzAIz-GYNcUl6HhNwoG4z-RHRH8ey9VbKtECConjosZsGWEtX49U7_t4dwo2k9NwsyI2186_awE_R6jJS9F21wDUdS4qEUbTotDHa-tdo6yHXehsyW_h8mxzvBJaPmLA0q1XkclxWGipYLIDUwVDQhWLG9bpRh3WoUf0.lCV5S5KPrbR-D_GT3UBRn5VfBroCdB2KpswjhWf8Qyw&dib_tag=se&keywords=smartwatch&qid=1763447401&sr=8-19
"Garmin VenuÂ® Sq 2 GPS Smartwatch, All-Day Health Monitoring, Long-Lasting Battery Life, AMOLED Display, Slate and Shadow Gray","13,290",https://www.amazon.com/Garmin-Smartwatch-All-Day-Monitoring-Long-Lasting/dp/B0B5VVNJBF/ref=sr_1_20?dib=eyJ2IjoiMSJ9.sBwWfV5goZA2GYlJ_OvqimWWwemViMJQ7ADRXTbs_QGyRWSFItgZZUb7OOamXdCSoF1TfofyzAIz-GYNcUl6HhNwoG4z-RHRH8ey9VbKtECConjosZsGWEtX49U7_t4dwo2k9NwsyI2186_awE_R6jJS9F21wDUdS4qEUbTotDHa-tdo6yHXehsyW_h8mxzvBJaPmLA0q1XkclxWGipYLIDUwVDQhWLG9bpRh3WoUf0.lCV5S5KPrbR-D_GT3UBRn5VfBroCdB2KpswjhWf8Qyw&dib_tag=se&keywords=smartwatch&qid=1763447401&sr=8-20
"Smart Watch for Men Women(Answer/Make Calls), 1.95""HD 2025 New Smartwatches with Heart Rate/Sleep Monitor/Pedometer, Fitness Tracker 113+ Sport Mode IP68 Waterproof Running Watch for Android iOS",no price ,https://www.amazon.com/Smartwatches-Monitor-Pedometer-Fitness-Waterproof/dp/B0FLJNHT56/ref=sr_1_21?dib=eyJ2IjoiMSJ9.sBwWfV5goZA2GYlJ_OvqimWWwemViMJQ7ADRXTbs_QGyRWSFItgZZUb7OOamXdCSoF1TfofyzAIz-GYNcUl6HhNwoG4z-RHRH8ey9VbKtECConjosZsGWEtX49U7_t4dwo2k9NwsyI2186_awE_R6jJS9F21wDUdS4qEUbTotDHa-tdo6yHXehsyW_h8mxzvBJaPmLA0q1XkclxWGipYLIDUwVDQhWLG9bpRh3WoUf0.lCV5S5KPrbR-D_GT3UBRn5VfBroCdB2KpswjhWf8Qyw&dib_tag=se&keywords=smartwatch&qid=1763447401&sr=8-21
"RUIMEN Smart Watches for Women Men (Answer/Make Calls, 2 Bands Included), 1.8"" Smartwatch for iOS/Android Phones, Fitness Tracker Heart Rate/Sleep Monitor Digital Watch Waterproof Milky White",no price ,https://www.amazon.com/sspa/click?ie=UTF8&spc=MTo3OTkwNjA3OTgwOTk0NTE6MTc2MzQ0NzQwMTpzcF9idGY6MzAwNzc2Nzc0NTE1NjAyOjowOjo&url=%2FRUIMEN-Watches-Smartwatch-Waterproof-Included%2Fdp%2FB0CVX92HMN%2Fref%3Dsr_1_22_sspa%3Fdib%3DeyJ2IjoiMSJ9.sBwWfV5goZA2GYlJ_OvqimWWwemViMJQ7ADRXTbs_QGyRWSFItgZZUb7OOamXdCSoF1TfofyzAIz-GYNcUl6HhNwoG4z-RHRH8ey9VbKtECConjosZsGWEtX49U7_t4dwo2k9NwsyI2186_awE_R6jJS9F21wDUdS4qEUbTotDHa-tdo6yHXehsyW_h8mxzvBJaPmLA0q1XkclxWGipYLIDUwVDQhWLG9bpRh3WoUf0.lCV5S5KPrbR-D_GT3UBRn5VfBroCdB2KpswjhWf8Qyw%26dib_tag%3Dse%26keywords%3Dsmartwatch%26qid%3D1763447401%26sr%3D8-22-spons%26sp_csd%3Dd2lkZ2V0TmFtZT1zcF9idGY%26psc%3D1
